user_friendly_name;manufacturer_name;product_code_id;Identified Name;Refresh Rate;Size;Aspect Ratio;Lag;VRR Lag;Method;Source;Note
VE247;ACI;2493;Asus VE247H;60;23.6;1.78;11;-1;leobodnar;https://displaylag.com/display-database/;
VS248;ACI;2498;ASUS VS248H (and HR);60;24.0;1.78;;;;no data (but potentially = VS247H? https://displaylag.com/display-database/);
ROG PG348Q;ACI;3433;Asus RoG Swift PG348Q;100;34.0;2.33;7.6;7.9;rtings;https://www.rtings.com/monitor/reviews/asus/rog-swift-pg348q#page-test-results;
VX228;ACI;22C1;Asus VX228H;60;21.5;1.78;;;;no data;
ASUS VP228;ACI;22C3;Unidentifiable VP228 version;60;21.5;1.78;;;;;
VX229;ACI;22E5;Asus VX229H(/N);60;21.5;1.78;;;;no data;
VE228;ACI;22FA;Asus VE228H;60;21.5;1.78;11;-1;leobodnar;https://displaylag.com/display-database/;
ASUS VS228;ACI;22FD;Unidentifiable Asus VS228 version;60;21.5;1.78;;;;;
VX238;ACI;23C1;Asus VX238H;60;23.0;1.78;10;-1;leobodnar;https://displaylag.com/display-database/;
ASUS VH236H;ACI;23F2;Asus VH236H;60;23.0;1.78;10;-1;leobodnar;https://displaylag.com/display-database/;
ASUS VS238;ACI;23FA;Unidentifiable VS238 version;60;23.0;1.78;;;;;
ASUS VS247;ACI;249A;Asus VS247H-P;60;24.0;1.78;11;-1;leobodnar;https://displaylag.com/display-database/;
VG248;ACI;24A4;ASUS VG248QE;144;24.0;1.78;5.1;-1;rtings;https://www.rtings.com/monitor/reviews/asus/vg248qe#page-test-results;
ASUS VP247;ACI;24C7;Any Acer VP247 version;75;23.6;1.78;;;;;
VG248;ACI;24E1;ASUS VG248QE;144;24.0;1.78;5.1;-1;rtings;https://www.rtings.com/monitor/reviews/asus/vg248qe#page-test-results;not certain about this. Might be VG248QG
ASUS PB278;ACI;27A3;Asus PB278Q (/QR/QV);60;27.0;1.78;;;;;
ASUS MG279;ACI;27A7;Asus MG279Q;144;27.0;1.78;0.8;?;smtt 2.0;https://www.tftcentral.co.uk/reviews/asus_mg279q.htm#lag;
ROG PG278Q;ACI;27B1;Asus ROG Swift PG278Q;144;27.0;1.78;2.55;?;smtt 2.0;https://www.tftcentral.co.uk/reviews/asus_rog_swift_pg278q.htm#lag;
MX279;ACI;27C3;Asus MX279H (/HE);60;27.0;1.78;9;-1;leobodnar;https://displaylag.com/display-database/;
ROG PG279Q;ACI;27EC;ASUS ROG Swift PG279Q;165;26.9;1.78;4.4;4.8;rtings;https://www.rtings.com/monitor/reviews/asus/rog-swift-pg279q#page-test-results;
ASUS VE276;ACI;27F4;Asus VE276Q(/N) unidentifiable;60;27.0;1.78;;;;;
ASUS VE278;ACI;27F6;Unidentifiable VE278 version;;27.0;1.78;;;;;
ASUS PB287Q;ACI;28A3;Asus PB287Q;75;28.0;1.78;11;?;leobodnar;https://displaylag.com/display-database/;
V223W;ACR;001B;Acer V223W bmmd;60;22.0;1.60;;;;no data;
S242HL;ACR;0216;Acer S242HL Cbid(/Dbid);60;24.0;1.78;;;;no data;
S220HQL;ACR;0281;Acer S220HQL Abd;60;21.5;1.78;;;;no data;
GN246HL;ACR;02F9;Acer GN246HLBbid;144;24.0;1.78;10.7;-1;rtings;https://www.rtings.com/monitor/reviews/acer/gn246hl#page-test-results;
GN246HL;ACR;02FA;Acer GN246HLBbid (HDMI);60;24.0;1.78;21.8;-1;rtings;https://www.rtings.com/monitor/reviews/acer/gn246hl#page-test-results;
Acer H236HL;ACR;0318;Acer H236HL bmid(/bmjd);60;23.0;1.78;;;;no data;
V226WL;ACR;0339;Acer V226WL bd(/bmd);60;22.0;1.60;;;;no data;
Acer K272HL;ACR;03DC;Acer K272HL bid;60;27.0;1.78;;;;no data;
V226HQL;ACR;03F3;Unidentifiable Acer V226HQL version;60;21.5;1.78;;;;;
Acer XB270H A;ACR;0406;Acer XB270H Abprz;144;27.0;1.78;;;;no data;
XB270HU;ACR;0408;Acer XB270HUbprz;144;27.0;1.78;0.25;?;smtt 2.0;https://www.tftcentral.co.uk/reviews/acer_xb270hu.htm#lag;
Acer K222HQL;ACR;040E;Acer K222HQL bmid;60;21.5;1.78;;;;no data;
XG270HU;ACR;0414;Acer XG270HU omidpx;144;27.0;1.78;2.85;?;smtt 2.0;https://www.tftcentral.co.uk/reviews/acer_xg270hu.htm#lag;
Acer XB240H;ACR;041B;Acer XB240Hbmjdpr;144;24.0;1.78;;;;no data;
H257HU;ACR;0428;Acer H257HU smidpx;60;25.0;1.78;10.1;?;leobodnar;https://www.pcmag.com/reviews/acer-h257hu;
Acer X34;ACR;0450;Unidentifiable Acer X34 version;;34.0;2.33;;;;;
Acer XF240H;ACR;0472;Acer XF240H;144;24.0;1.78;;;;no data;also known as XFA240
Acer XF270H;ACR;0484;couldn't identify, many different XF270H versions;;;;;;;;
XB271HU;ACR;0490;Acer Predator XB271HUbmiprz;165;27.0;1.78;4.6;5.3;rtings;https://www.rtings.com/monitor/reviews/acer/predator-xb271hu#page-test-results;
Acer XB241H;ACR;050E;Acer Predator XB241Hbmipr;144;24.0;1.78;;;;no data;
Acer XB271H;ACR;0510;Acer Predator XB271H bmiprz;144;27.0;1.78;;;;no data;
GN276HL;ACR;052C;Acer GN276HL;144;27.0;1.78;;;;no data;
XB271HU A;ACR;052F;Acer Predator XB271HU bmiprz;165;27.0;1.78;4.6;5.3;rtings;https://www.rtings.com/monitor/reviews/acer/predator-xb271hu;
Acer XZ271;ACR;0530;Acer XZ271 bmijpphzx;144;27.0;1.78;;;;no data;
XF240YU;ACR;0543;Acer XF240YUbmiidprzx;144;23.8;1.78;;;;no data;
XF270HU;ACR;0549;Any Acer XF270HU version;144;27.0;1.78;;;;;
Z301C;ACR;054C;Acer Z301C bmiphzx;200;29.5;2.33;;;;no data;
Acer X34 P;ACR;054F;Acer Predator X34P;120;34.0;2.33;;;;no data;
R240HY;ACR;0553;Acer RH240HY bidx;60;23.8;1.78;9.6;-1;leobodnar;https://www.pcmag.com/reviews/acer-r240hy;
GF246;ACR;055F;Acer GF246 bmipx(/bipx);60;24.0;1.78;;;;no data;
XB252Q;ACR;0563;Acer Predator XB252Qbmiprz;240;24.5;1.78;;;;no data;
ED273;ACR;0575;Acer ED273 (possibly wmidx);75;27.0;1.78;;;;no data;
Acer XB272;ACR;0585;Acer Predator XB272 bmiprzx;240;27.0;1.78;;;;no data;
Acer KG271;ACR;058F;Unidentifiable KG271 version;75;27.0;1.78;;;;;
KG251Q;ACR;0591;Acer KG251QFbmidpx;144;24.5;1.78;?;6.45;new HWU;https://www.youtube.com/watch?v=081ccrxYwDo;
Acer KG271 A;ACR;0596;Acer KG271Abmidpx;144;27.0;1.78;;;;no data;
XF250Q;ACR;0603;Acer XF250Qbmidprx (or QAbmiidprzx/Q Cbmiiprx);240;24.5;1.78;;;;no data;
Acer XZ321QU;ACR;0609;Acer XZ321QU bmijpphzx;144;31.5;1.78;;;;no data;
XF251Q;ACR;0624;Acer XF251Q bmirix;75;24.5;1.78;7.1;7.4;rtings;https://www.rtings.com/monitor/reviews/acer/xf251q#page-test-results;
ED242QR A;ACR;062A;Acer ED242QR Abidpx;144;23.5;1.78;;;;no data;
Acer XFA240;ACR;062C;Acer XFA240 bmjdpr;144;24.0;1.78;;;;no data;
Acer XB271H A;ACR;0637;Acer Predator XB271H Abmiprz;144;27.0;1.78;;;;no data;
Acer XF270H B;ACR;064D;Acer XF270HB bmiiprx (/bmiiprzx);144;27.0;1.78;;;;no data;
;ACR;064D;Acer XF270HB bmiiprx (/bmiiprzx);144;27.0;1.78;;;;no data;
Acer KG271 C;ACR;064E;Acer KG271C;144;27.0;1.78;;;;no data;
Acer VG220Q;ACR;0672;Acer VG220Q bmiix;75;21.5;1.78;;;;no data;
Acer VG240Y;ACR;0673;Acer VG240Y;75;23.8;1.78;;;;no data;
ED323QUR A;ACR;067E;Acer ED323QUR Abidpx;144;31.5;1.78;;;;no data;
Acer KG241 P;ACR;069A;Acer KG241 Pbmidpx;144;24.0;1.78;;;;no data;P version, not Q Pbiip, not 75Hz
KG241Q P;ACR;06A7;Acer KG241Q Pbiip;144;23.6;1.78;;;;no data;
XV272U;ACR;06C1;Acer Nitro XV272U Pbmiiprzx;144;27.0;1.78;;;;no data;
SB230;ACR;06CA;Acer SB230 Bbix;75;23.0;1.78;;;;no data;
KG271;ACR;06CD;Unidentifiable KG271 version;144;27.0;1.78;;;;;
VG270U P;ACR;06CF;Acer Nitro VG270UPbmiipx;144;27.0;1.78;4.1;4.2;rtings;https://www.rtings.com/monitor/reviews/acer/vg271up#page-test-results;
QG241Y;ACR;06F9;Acer QG241Y bii;75;23.8;1.78;;;;no data;
VG240Y P;ACR;0704;Acer Nitro VG240Y P;144;23.8;1.78;;;;no data;
VG240Y V;ACR;075A;Acer Nitro VG240Y P;144;23.8;1.78;;;;no data;
F22;AOC;2200;AOC F22 (+);60;21.5;1.78;;;;no data;
2260WG5;AOC;2260;AOC G2260VWQ6;75;21.5;1.78;;;;no data;
2369M;AOC;2369;AOC I2369VM;60;23.0;1.78;;;;no data;
24G1WG4;AOC;2401;AOC C24G1;144;23.6;1.78;3.97;?;smtt 2.0;https://pcmonitors.info/reviews/aoc-c24g1/;
;AOC;2401;AOC C24G1;144;23.6;1.78;3.97;?;smtt 2.0;https://pcmonitors.info/reviews/aoc-c24g1/;
24G2W1G4;AOC;2402;AOC 24G2U;144;24.0;1.78;?;4.59;new HWU;https://www.youtube.com/watch?v=6MHdeDv9bqI;
AG241QG4;AOC;2410;AOC AGON AG241QX;144;23.8;1.78;5.3;5.1;rtings;https://www.rtings.com/monitor/reviews/aoc/agon-ag271qx#page-test-results;identical in all but panel to ag271qx and released at the same time, so assumed to have the same input lag
2460G4;AOC;2460;AOC G2460PF;144;24.0;1.78;3.66;?;smtt 2.0;https://pcmonitors.info/reviews/aoc-g2460pf/#Responsiveness;
G2460PG;AOC;2460;AOC G2460PG;144;24.0;1.78;3.2;?;smtt 2.0;https://pcmonitors.info/reviews/aoc-g2460pg/#Responsiveness;
2490W1;AOC;2490;Unidentifiable AOC 2490 version;60;24.0;1.78;;;;;
2590G4;AOC;2590;AOC G2590PX;144;24.5;1.78;3.48;?;smtt 2.0;https://pcmonitors.info/reviews/aoc-g2590px/#Responsiveness;
2590G5;AOC;2590;AOC G2590VXQ;75;24.5;1.78;;;;no data;
27G1G4;AOC;2701;AOC C27G1;144;27.0;1.78;?;8.74;new HWU;https://www.youtube.com/watch?v=081ccrxYwDo;
Q27G1WG4;AOC;2701;AOC CQ27G1;144;27.2;1.78;4.2;5.9;rtings;https://www.rtings.com/monitor/reviews/aoc/cq27g1;
27G2G4;AOC;2702;AOC 27G2 (U);144;27.0;1.78;;;;no data;
AG271QG4;AOC;2710;AOC AGON AG271QX;144;27.0;1.78;5.3;5.1;rtings;https://www.rtings.com/monitor/reviews/aoc/agon-ag271qx#page-test-results;
AG271QG;AOC;2713;AOC AGON AG271QG;165;27.0;1.78;3.4;?;smtt 2.0;https://pcmonitors.info/reviews/aoc-ag271qg/#Responsiveness;
AG273QS4R4;AOC;2730;Unidentifiable AOC AG273Q version;;27.0;1.78;;;;;
2770G4;AOC;2770;AOC G2770PF;144;27.0;1.78;;;;no data;
32G1WG4;AOC;3201;AOC C32G1;144;31.5;1.78;;;;no data;
Q32G1WG4;AOC;3201;AOC CQ32G1;144;31.5;1.78;4.1;5.1;rtings;https://www.rtings.com/monitor/reviews/aoc/cq32g1#page-test-results;
Q3279WG5B;AOC;3279;AOC Q3279VWF (/VWFD8);75;31.5;1.78;3.38;?;smtt 2.0;Average of https://pcmonitors.info/reviews/aoc-q3279vwf/#Responsiveness and https://pcmonitors.info/reviews/aoc-q3279vwfd8/#Responsiveness;
U34G2G4R3;AOC;3402;AOC CU34G2X/BK;144;34.0;2.33;?;3.91;new HWU;https://www.youtube.com/watch?v=Z18siG3rrBg;
2460G4;AOC;0001;AOC G2460PF;144;24.0;1.78;3.66;?;smtt 2.0;https://pcmonitors.info/reviews/aoc-g2460pf/#Responsiveness;
G2460;AOC;0001;AOC G2460PF;144;24.0;1.78;3.66;?;smtt 2.0;https://pcmonitors.info/reviews/aoc-g2460pf/#Responsiveness;
2460G4;AOC;246A;AOC G2460PF;144;24.0;1.78;3.66;?;smtt 2.0;https://pcmonitors.info/reviews/aoc-g2460pf/#Responsiveness;
G2460;AOC;246A;AOC G2460PF;144;24.0;1.78;3.66;?;smtt 2.0;https://pcmonitors.info/reviews/aoc-g2460pf/#Responsiveness;
iMac;APP;A032;21.5-inch iMac with Retina 4K display;60;21.5;1.78;;;;;
ASUS VG249;AUS;2421;Asus TUF Gaming VG249Q;144;23.8;1.78;;;;no data;
VG278;AUS;2720;Asus VG278QR(/QF);165;27.0;1.78;;;;no data;
VG27A;AUS;2722;ASUS TUF VG27AQ;165;27.0;1.78;3.5;6.3;rtings;https://www.rtings.com/monitor/reviews/asus/tuf-vg27aq;
VG279;AUS;2782;Asus VG279Q (possibly other non M models);144;27.0;1.78;4.3;4.5;rtings;https://www.rtings.com/monitor/reviews/asus/vg279q#page-test-results;
VG279;AUS;2782;Asus VG279Q;144;27.0;1.78;4.3;4.5;rtings;https://www.rtings.com/monitor/reviews/asus/vg279q#page-test-results;
VG27B;AUS;2785;Asus TUF Gaming VG27BQ;155;27.0;1.78;;;;no data;
VG27B;AUS;2786;Asus TUF Gaming VG27BQ;155;27.0;1.78;;;;no data;
ASUS XG35V;AUS;3551;Asus ROG Strix XG35VQ;100;35.0;1.78;2.25;?;smtt 2.0;https://www.tftcentral.co.uk/reviews/asus_rog_strix_xg35vq.htm#lag;
VG245;AUS;24A1;ASUS VG245H (possible HE/HEY/Q);75;24.0;1.78;10;-1;leobodnar;https://displaylag.com/display-database/;
MG248;AUS;24A3;Asus MG248Q (or QR);144;24.0;1.78;2.15;?;smtt 2.0;https://www.tftcentral.co.uk/reviews/asus_mg248q.htm#lag;
MG248;AUS;24A4;Asus MG248Q (or QR);144;24.0;1.78;2.15;?;smtt 2.0;https://www.tftcentral.co.uk/reviews/asus_mg248q.htm#lag;
VG248;AUS;24AC;ASUS VG248QG;165;24.0;1.78;;;;no data;
ASUS VP249;AUS;24AF;Asus VP249QGR;144;23.8;1.78;;;;no data;
ROG PG248Q;AUS;24B1;Asus ROG PG248Q;180;24.0;1.78;2.46;?;smtt 2.0;https://pcmonitors.info/reviews/asus-pg248q/#Responsiveness;
XG248Q;AUS;24B3;Asus ROG Strix XG248Q;240;23.8;1.78;;;;no data;
VG258;AUS;25A4;Asus VG258QR;165;24.0;1.78;;;;no data;
VG259QM;AUS;25A9;ASUS TUF Gaming VG259QM;280;25.0;1.78;1.9;2.2;rtings;https://www.rtings.com/monitor/reviews/asus/tuf-gaming-vg259qm#page-test-results;
ROG PG258Q;AUS;25B1;ASUS ROG Swift PG258Q;240;24.5;1.78;2.9;?;smtt 2.0;https://www.tftcentral.co.uk/reviews/asus_rog_swift_pg258q.htm#lag;
XG258;AUS;25B3;Asus ROG Strix XG258Q;240;24.5;1.78;;;;no data;
VG279QM;AUS;278F;Asus TUF Gaming VG279QM;280;27.0;1.78;1.7;1.8;rtings;https://www.rtings.com/monitor/reviews/asus/vg279qm#page-test-results;
ASUS VP278;AUS;27AE;Asus VP278QG(L);75;27.0;1.78;;;;no data;
VG278;AUS;27AF;ASUS VG278HE;144;27.0;1.78;8.45;-1;smtt 2.0;https://www.tftcentral.co.uk/reviews/asus_vg278he.htm#gaming;
ROG PG278QR;AUS;27B1;ASUS ROG Swift PG278QR;165;27.0;1.78;;;;no data;
ASUS VZ279;AUS;27C0;Unidentifiable Asus VZ279 version;75;27.0;1.78;;;;;
ASUS XG32V;AUS;32B1;Asus XG32VQ;144;31.5;1.78;4.18;?;smtt 2.0;https://pcmonitors.info/reviews/asus-xg32vq/#Responsiveness;
ASUS VA326;AUS;32DA;Asus VA326HR;144;31.5;1.78;;;;no data;
ASUS XG49V;AUS;49A1;Asus ROG Strix XG49VQ;144;49.0;3.56;;;;no data;
RSGM-27M3C;AWA;2700;Rocksoul RSGM-27M3C;144;27.0;1.78;;;;no data;
NS43DR620NA18;BBY;4373;Insignia NS-43DR620NA18;60;43.0;1.78;;;;no data;
NS-PMG248;BBY;0248;Insignia NS-PMG248;144;24.0;1.78;;;;no data;
BenQ EW2775ZH;BNQ;7944;BenQ EW2775ZH;60;27.0;1.78;;;;no data;
BenQ EL2870U;BNQ;7949;BenQ EL2870U;60;28.0;1.78;8.8;9.7;rtings;https://www.rtings.com/monitor/reviews/benq/el2870u#page-test-results;
BenQ LCD;BNQ;8024;BenQ PD2700Q;60;27.0;1.78;34;-1;leobodnar;https://www.pcmag.com/reviews/benq-pd2700q-designer-monitor;
NV Surround;BNQ;78A5;BenQ GL2450HM;60;24.0;1.78;10;-1;leobodnar;https://displaylag.com/display-database/;
BenQ GL2450H;BNQ;78A7;BenQ GL2450H;75;24.0;1.78;10;;leobodnar;https://displaylag.com/display-database/;
BenQ GL2023;BNQ;78CC;BenQ GL2023A;60;19.5;1.78;;;;no data;
BenQ GL2460;BNQ;78CE;BenQ GL2460 (and HM);60;24.0;1.78;10.5;-1;leobodnar;https://www.pcmag.com/reviews/benq-gl2460hm;
BenQ GW2765;BNQ;78D6;BenQ GW2765HE/HT;60;27.0;1.78;34;-1;leobodnar;https://displaylag.com/display-database/;
BenQ GW2470;BNQ;78D9;BenQ GW2470H(/HM);60;23.8;1.78;;;;no data;
BenQ GW2270;BNQ;78DB;BenQ GW2270(H);60;21.5;1.78;;;;no data;
BenQ GL2580;BNQ;78E5;BenQ GL2580H(/HM);60;24.5;1.78;;;;no data;
BenQ GW2475H;BNQ;78EE;BenQ GW2475H;60;23.8;1.78;;;;no data;
BenQ VW2245Z;BNQ;7B32;BenQ VW2245Z;60;21.5;1.78;;;;no data;
BenQ XL2420T;BNQ;7F04;BenQ XL2420T;120;24.0;1.78;;;;no data;
BenQ XL2420T;BNQ;7F06;BenQ XL2420T;120;24.0;1.78;;;;no data;
BenQ XL2720T;BNQ;7F15;BenQ XL2720T;120;27.0;1.78;;;;no data;
BenQ XL2720Z;BNQ;7F2B;BenQ XL2720Z;144;27.0;1.78;1.3;-1;smtt 2.0;https://www.tftcentral.co.uk/reviews/benq_xl2720z.htm#lag;
ZOWIE XL LCD;BNQ;7F2B;BenQ XL2720Z;144;27.0;1.78;1.3;-1;smtt 2.0;https://www.tftcentral.co.uk/reviews/benq_xl2720z.htm#lag;
BenQ XL2420Z;BNQ;7F2D;BenQ XL2420Z;144;24.0;1.78;1.5;-1;smtt 2.0;https://pcmonitors.info/reviews/benq-xl2420z/#Responsiveness;
BenQ XL2420Z;BNQ;7F2F;BenQ XL2420Z;144;24.0;1.78;1.5;-1;smtt 2.0;https://pcmonitors.info/reviews/benq-xl2420z/#Responsiveness;
BenQ XL2411Z;BNQ;7F31;BenQ XL2411Z;144;24.0;1.78;4.4;-1;rtings;https://www.rtings.com/monitor/reviews/benq/zowie-xl2411p;
ZOWIE XL LCD;BNQ;7F31;BenQ XL2411Z;144;24.0;1.78;4.4;-1;rtings;https://www.rtings.com/monitor/reviews/benq/zowie-xl2411p;
ZOWIE XL LCD;BNQ;7F33;BenQ XL2411P;144;24.0;1.78;4.4;-1;rtings;https://www.rtings.com/monitor/reviews/benq/zowie-xl2411p;
BenQ XL2430T;BNQ;7F3D;BenQ XL2430T;144;24.0;1.78;;;;no data;
ZOWIE XL LCD;BNQ;7F3F;BenQ ZOWIE XL2430;144;24.0;1.78;;;;no data;
ZOWIE XL LCD;BNQ;7F45;BenQ ZOWIE XL2730 (Z);144;27.0;1.78;2.3;?;smtt 2.0;https://www.tftcentral.co.uk/reviews/benq_xl2730z.htm#lag;
ZOWIE RL LCD;BNQ;7F4F;BenQ ZOWIE RL2455;60;24.0;1.78;10;-1;leobodnar;https://displaylag.com/display-database/;
ZOWIE XL LCD;BNQ;7F51;BenQ ZOWIE XL2540;240;24.5;1.78;3.7;3.6;rtings;https://www.rtings.com/monitor/reviews/benq/zowie-xl2540#page-test-results;
ZOWIE XL LCD;BNQ;7F58;BenQ ZOWIE XL2546;240;24.5;1.78;3.7;3.6;rtings;https://www.rtings.com/monitor/reviews/benq/zowie-xl2540#page-test-results;
BenQ EX3501R;BNQ;7F5E;BenQ EX3501R;100;35.0;2.33;2.65;?;smtt 2.0;https://www.tftcentral.co.uk/reviews/benq_ex3501r.htm#lag;
ZOWIE XL LCD;BNQ;7F60;BenQ Zowie XL2740;240;27.0;1.78;;;;no data;
DELL E2010H;DEL;4054;Dell E2010HT;60;20.0;1.78;;;;no data;
DELL UP2414Q;DEL;409C;Dell UltraSharp UP2414Q;60;23.8;1.78;;;;no data;
DELL 2007WFP;DEL;A018;Dell UltraSharp 2007WFP;60;20.1;1.60;;;;no data;
DELL U2412M;DEL;A07A;Dell UltraSharp U2412M;60;24.0;1.60;;;;no data;
Dell S2716DG;DEL;A0D1;Dell S2716DG;144;27.0;1.78;4.4;4.8;rtings;https://www.rtings.com/monitor/reviews/dell/s2716dgr-s2716dg#page-test-results;
Dell S2417DG;DEL;A0E7;Dell S2417DG;165;23.8;1.78;4.2;5.1;rtings;https://www.rtings.com/monitor/reviews/dell/s2417dg;
DELL U2718Q;DEL;A0EA;Dell U2718Q;60;27.0;1.78;8.9;-1;rtings;https://www.rtings.com/monitor/reviews/dell/u2718q#page-test-results;
Dell AW2518H;DEL;A0F6;Dell Alienware AW2518H;240;24.5;1.78;;;;no data;
Dell AW3418DW;DEL;A0FA;Dell Alienware AW3418DW;120;34.0;2.33;5.3;6.1;rtings;https://www.rtings.com/monitor/reviews/dell/alienware-aw3418dw-1900r#page-test-results;
DELL AW2518HF;DEL;A101;Dell Alienware AW2518HF;240;24.5;1.78;;;;no data;
DELL AW2518HF;DEL;A102;Dell Alienware AW2518HF;240;24.5;1.78;;;;no data;
DELL AW2518HF;DEL;A103;Dell Alienware AW2518HF;240;24.5;1.78;;;;no data;
D2719HGF;DEL;A135;Dell D2719HGF;144;27.0;1.78;;;;no data;
D2719HGF;DEL;A136;Dell D2719HGF;144;27.0;1.78;;;;no data;
AW2521HF;DEL;A161;Dell Alienware AW2521HF;240;24.5;1.78;2.7;3.1;rtings;https://www.rtings.com/monitor/reviews/dell/alienware-aw2521hf#page-test-results;
DELL SE2416H;DEL;D081;Dell 2416H;60;23.8;1.78;;;;no data;
DELL SE2416H;DEL;D082;Dell 2416H;60;23.8;1.78;;;;no data;
DELL S2218M;DEL;D0BA;Dell S2218M;60;21.5;1.78;;;;no data;
S2719DGF;DEL;D0E5;Dell S2719DGF;155;27.0;1.78;4.3;4.4;rtings;https://www.rtings.com/monitor/reviews/dell/s2719dgf#page-test-results;
S2719DGF;DEL;D0E6;Dell S2719DGF;155;27.0;1.78;4.3;4.4;rtings;https://www.rtings.com/monitor/reviews/dell/s2719dgf#page-test-results;
DELL P2213;DEL;F043;Dell P2213;60;22.0;1.60;;;;no data;
DELL E2218HN;DEL;F09E;Dell E2218HN;60;21.5;1.78;;;;no data;
EV2315W;ENC;2291;EIZO FlexScan EV2315W;60;23.0;1.78;;;;no data;
FG2421;ENC;2455;EIZO FORIS FG2421;120;23.5;1.78;9.8;-1;smtt 2.0;https://www.tftcentral.co.uk/reviews/eizo_fg2421.htm#lag;
AORUS AD27QD;GBT;2701;Gigabyte AORUS AD27QD;144;27.0;1.78;4.1;4.9;rtings;https://www.rtings.com/monitor/reviews/gigabyte/aorus-ad27qd#page-test-results;
AORUS CV27F;GBT;2703;Gigabyte AORUS CV27F;165;27.0;1.78;4.35;4.35;smtt 2.0;https://pcmonitors.info/reviews/gigabyte-aorus-cv27f/#Responsiveness;
AORUS FI27Q;GBT;2706;Gigabyte AORUS FI27Q;165;27.0;1.78;4.1;4.9;rtings;https://www.rtings.com/monitor/reviews/gigabyte/aorus-fi27q#page-test-results;
W2486;GSM;5729;LG W2486L;60;24.0;1.78;;;;no data found;
34GK950F;GSM;7727;LG 34GK950F-B;144;34.0;2.33;4.2;5.2;rtings;https://www.rtings.com/monitor/reviews/lg/34gk950f-b#page-test-results;
LG TV;GSM;0001;Unidentifiable LG TV;;;1.78;;;;;
20M35;GSM;4EED;LGM35A;60;19.5;1.78;;;;no data;
W2243;GSM;56FF;LG W2243S-PF;60;22.0;1.78;;;;no data;
E2341;GSM;581D;LG E2341V;60;23.1;1.78;;;;no data;
LG ULTRAWIDE;GSM;59F1;Unidentifiable, many monitors with identical name/id;;;2.33;;;;;
22MP55;GSM;5A26;LG 22MP55HQ-P;60;21.5;1.78;;;;no data;
24MP56;GSM;5A56;LG 24MP56HQ-P;60;23.8;1.78;;;;no data;
27MP35;GSM;5A5B;LG 27MP35HQ-B;60;27.0;1.78;;;;no data;
24GM77;GSM;5A90;LG 24GM77-B;144;24.0;1.78;;;;no data;
24GM77;GSM;5A92;LG 24GM77-B;144;24.0;1.78;;;;no data;
LG IPS FULLHD;GSM;5AB6;Unidentifiable LG model;60;21.7;1.78;;;;;
LG IPS FULLHD;GSM;5AB8;Unidentifiable, LG MP47/48 different sizes;60;22.0;1.78;;;;;
LG IPS FULLHD;GSM;5AB8;Unidentifiable LG model;60;21.7;1.78;;;;;
LG FULL HD;GSM;5ABB;Unidentifiable LG model;60;21.7;1.78;;;;;
LG ULTRAWIDE;GSM;5AFB;Unidentifiable LG Ultrawide;75;34.0;2.33;;;;;
LG Ultra HD;GSM;5B09;Unidentifiable 4k LG monitor;60;27.0;1.78;;;;;
MP59G;GSM;5B34;LG 24MP59G-P;60;23.8;1.78;7.1;8.7;rtings;https://www.rtings.com/monitor/reviews/lg/24mp59g-p#page-test-results;
LG FULL HD;GSM;5B55;Unidentifiable LG 22 in;75;21.7;1.78;;;;;
27GL650F;GSM;5B70;LG 27GL650F-B;144;27.0;1.78;4.9;6.2;rtings;https://www.rtings.com/monitor/reviews/lg/27gl650f-b#page-test-results;
27GL650F;GSM;5B71;LG 27GL650F-B;144;27.0;1.78;4.9;6.2;rtings;https://www.rtings.com/monitor/reviews/lg/27gl650f-b#page-test-results;
24GL600F;GSM;5B72;LG 24GL600F;144;24.0;1.78;4.7;9.3;rtings;https://www.rtings.com/monitor/reviews/lg/24gl600f#page-test-results;
24GL600F;GSM;5B73;LG 24GL600F;144;24.0;1.78;4.7;9.3;rtings;https://www.rtings.com/monitor/reviews/lg/24gl600f#page-test-results;
27GL850;GSM;5B7F;LG 27GL850-B;144;27.0;1.78;4.3;4.7;rtings;https://www.rtings.com/monitor/reviews/lg/27gl850-b#page-test-results;
27GN7;GSM;5B8E;LG 27GN750-B;240;27.0;1.78;2.8;3.8;rtings;https://www.rtings.com/monitor/reviews/lg/27gn750-b;
LG ULTRAWIDE;GSM;76F9;Unidentifiable LG ultrawide;75;34.0;2.33;;;;;
LG ULTRAWIDE;GSM;76FA;Unidentifiable 2560x1080 34 inch;;34.0;2.33;;;;;
27GK750F;GSM;770F;LG 27GK750F-B;240;27.0;1.78;6.4;?;smtt 2.0;https://www.tftcentral.co.uk/reviews/lg_27gk750f.htm#lag;
LG QHD;GSM;772A;Unidentifiable, many monitors with identical name/id;;;;;;;;
OMEN by HP 27;HPN;3421;HP Omen 27;165;27.0;1.78;4.5;5.2;rtings;https://www.rtings.com/monitor/reviews/hp/omen-27#page-test-results;
OMEN by HP 25;HPN;3425;HP Omen 25;144;24.5;1.78;;;;no data;
HP VH240a;HPN;3499;HP VH240a;60;23.8;1.78;;;;no data;
OMEN X 27;HPN;3644;HP OMEN X 27;240;27.0;1.78;2.8;5.2;rtings;https://www.rtings.com/monitor/reviews/hp/omen-x-27#page-test-results;
HP 32f;HPN;3659;HP 32f;60;31.5;1.78;;;;no data;
HP 27f;HPN;354B;HP 27f;75;27.0;1.78;7.4;8.9;rtings;https://www.rtings.com/monitor/reviews/hp/27f#page-test-results;
HP 25x;HPN;357E;HP 25x;144;24.5;1.78;;;;no data;
HP 25x;HPN;357F;HP 25x;144;24.5;1.78;;;;no data;
OMEN X 25f;HPN;360E;HP OMEN X 25f;240;24.5;1.78;2.6;2.6;rtings;https://www.rtings.com/monitor/reviews/hp/omen-x-25f#page-test-results;
HF205;HSP;18B1;HANNspree HF205DPB;60;20.0;1.78;;;;no data;
HP 23xi;HWP;3032;HP Pavilion 23XI;60;23.0;1.78;10;-1;leobodnar;https://displaylag.com/display-database/;
HP W2271d;HWP;3101;HP W2271d;60;21.5;1.78;;;;no data;
HP 22cwa;HWP;3183;HP Pavilion 22CWA;60;21.5;1.78;8.2;-1;rtings;https://www.rtings.com/monitor/reviews/hp/pavilion-22cwa;
HP 27er;HWP;3325;HP 27er T3M88AA;60;27.0;1.78;;;;no data;
LA2405;HWP;284C;HP Compaq LA2405wg;60;24.0;1.60;;;;no data;
HP LA2306;HWP;294A;HP Compaq LA2306x;60;23.0;1.78;;;;no data;
HP Z24n;HWP;320E;HP Z24n K7B99AT;60;24.0;1.60;;;;no data;
PLE2483H;IVM;6113;Iiyama ProLite E2483HS-B3;75;24.0;1.78;;;;no data;
PLE2482H;IVM;6121;Iiyama ProLite E2482HS-B1(/B5);75;24.0;1.78;;;;no data;
PLG2788H;IVM;6624;Iiyama G-MASTER GB2788HS-B1;144;27.0;1.78;;;;no data;
PL2792Q;IVM;6637;Iiyama ProLite XUB2792QSU-B1(/W1);70;27.0;1.78;8.9;?;leobodnar;https://www.prad.de/testberichte/test-monitor-iiyama-prolite-xub2792qsu-b1/6/;
PL2760H;IVM;6649;Iiyama G-Master GB2760HSU-B1;144;27.0;1.78;;;;no data;
PL2273HDS;IVM;561A;Iiyama ProLite E2273HDS-B1;60;21.5;1.78;;;;no data;
PL2488H;IVM;611A;Iiyama G-Master GB(/E)2488HS(U);60;24.0;1.78;;;;no data;
PL2730H;IVM;663B;Iiyama G-Master G2730HSU-B1;75;27.0;1.78;;;;no data;
PL2760Q;IVM;663D;Iiyama G-Master GB2760QSU-B1;144;27.0;1.78;10.7;?;leobodnar;https://www.prad.de/testberichte/test-monitor-iiyama-gb2760qsu-b1-red-eagle/5/#Reaktionsverhalten;
L2250p Wide  ;LEN;0A0C;Lenovo L2251pwD (DisplayPort);75;22.0;1.60;;;;no data;
LEN P27q-10;LEN;61A8;Lenovo ThinkVision P27q-10;60;27.0;1.78;;;;no data;
LEN LI2264d;LEN;65C5;Lenovo LI2264d;60;21.5;1.78;;;;no data;
LEN G25-10;LEN;65FE;Lenovo G25-10;144;24.5;1.78;;;;no data;
M2A1R-H;LHC;2700;Mecer M2A1R;144;27.0;1.78;;;;no data;
LDLC Pano+;LHC;0236;LDLC Pano+;144;23.6;1.78;;;;no data;
MD20435;MED;36D5;Medion Akoya P55425;60;23.6;1.78;;;;no data;
MD21473;MED;461E;Medion Erazer X52773;144;27.0;1.78;;;;no data;
Panasonic-TV;MEI;C135;Unidentifiable Panasonic TV;60;31.5;1.78;;;;;
MSI MAG321CQR;MSI;1462;MSI Optix MAG321CQR;144;31.5;1.78;;;;no data;
Optix G24C;MSI;1462;MSI Optix G24C;144;23.6;1.78;;;;no data;
Optix G27C2;MSI;1462;MSI Optix G27C2;144;27.0;1.78;;;;no data;
Optix MAG24C;MSI;1462;MSI Optix MAG24C;144;23.6;1.78;;;;no data;
Optix MAG27C;MSI;1462;MSI Optix MAG27C;144;27.0;1.78;5.3;4.3;rtings;https://www.rtings.com/monitor/reviews/msi/optix-g27c;
Optix MAG27CQ;MSI;1462;MSI Optix MAG27CQ;144;27.0;1.78;;;;no data;
MSI G24C4;MSI;3BA0;MSI Optix G24C4;144;23.6;1.78;;;;no data;
MSI G241;MSI;3BA4;MSI G241;144;23.8;1.78;;;;no data;
MSI MAG272CRX;MSI;3CA0;MSI Optix MAG272CRX;240;27.0;1.78;;;;no data;
MSI MAG272QR;MSI;3CA8;MSI Optix MAG272QR;165;27.0;1.78;?;3.12;new HWU;https://www.youtube.com/watch?v=s8tn9c7ayQ8;
MSI G27C4;MSI;3CA9;MSI Optix G27C4;165;27.0;1.78;3.6;3.7;rtings;https://www.rtings.com/monitor/reviews/msi/optix-g27c4#page-test-results;
MSI G271;MSI;3CB5;MSI Optix G271;144;27.0;1.78;;;;no data;
MSI MAG241C;MSI;3EA2;MSI Optix MAG241C (and CR, CP);144;23.6;1.78;;;;no data;
MSI MAG271C;MSI;3FA6;MSI Optix MAG271C;144;27.0;1.78;;;;no data;
MSI MAG271CQR;MSI;3FA7;MSI Optix MAG271CQR;144;27.0;1.78;4.7;5.5;rtings;https://www.rtings.com/monitor/reviews/msi/optix-mag271cqr#page-test-results;
EA223WM;NEC;6890;NEC MultiSync EA223WM;60;22.0;1.60;;;;no data;
NX-EDG34;NXG;0052;NX-EDG34S;144;34.0;2.33;4.3;4.5;rtings;https://www.rtings.com/monitor/reviews/nixeus/edg-34#page-test-results;
 45_LCD_TV;OEM;3700;Unidentifiable TV;60;45.0;1.78;;;;;
100002487;ONN;0101;Unidentifiable ONN 24 in monitor;60;24.0;1.78;;;;no data;
PHILIPS FTV;PHL;0000;Unidentifiable Philips TV;;;;;;;;
Philips 247EL;PHL;C084;Philips 247E3LSU/00;60;23.6;1.78;;;;no data;
248XLFH;PHL;C095;Philips LightFrame 2;60;23.4;1.78;;;;no data found;
Philips 200V4;PHL;C0BF;Philips 200V4QSBR/71;60;19.5;1.78;;;;no data;
PHL 242G5;PHL;C0C4;Philips 242G5DJEB/00;144;24.0;1.78;;;;no data;
PHL 246V5;PHL;C0C5;Unidentifiable Philips 246V5 version;60;24.0;1.78;;;;;
PHL 203V5;PHL;C0CE;Philips 203V5LSB26;60;19.5;1.78;;;;no data;
PHL 284E5;PHL;C0DE;Philips 284E5QHAD;60;28.0;1.78;29.7;-1;smtt 2.0;https://pcmonitors.info/reviews/philips-284e5qhad/#Responsiveness;
PHL 272G5;PHL;C0E2;Philips 272G5DYEB/00;144;27.0;1.78;3;?;smtt 2.0;https://pcmonitors.info/reviews/philips-272g5dyeb/#Responsiveness;
PHL 272G5DY;PHL;C0ED;Philips 272G5DYEB/00;144;27.0;1.78;3;?;smtt 2.0;https://pcmonitors.info/reviews/philips-272g5dyeb/#Responsiveness;
PHL 243V7;PHL;C155;Philips 243V7QDAB/00;75;23.8;1.78;;;;no data;
PHL 276E9Q;PHL;C17B;Unidentifiable Philips 276E9Q version;60;27.0;1.78;;;;;
LC32G7xT;SAM;7058;Samsung LC32G75TQSNXZA;240;31.5;1.78;2.7;3.1;rtings;https://www.rtings.com/monitor/reviews/samsung/odyssey-g7#page-test-results;
SyncMaster;SAM;0376;Samsung SyncMaster 2232BW;60;22.0;1.60;;;;no data;
SME1920W;SAM;06BE;Samsung SyncMaster E1920W;75;19.0;1.78;;;;no data;
SMBX2231;SAM;076D;Samsung SyncMaster BX2231;60;21.5;1.78;;;;no data;
SMS24A350H;SAM;07D6;Samsung SyncMaster S24A350H;60;24.0;1.78;;;;no data;
S24B300;SAM;08CC;Samsung SyncMaster S24B300;60;24.0;1.78;;;;no data found;
S22B350;SAM;08D4;Samsung SyncMaster S22B350H;60;22.0;1.78;;;;no data;
S23B350;SAM;08D6;Samsung SyncMaster S23B350;60;23.0;1.78;;;;no data;
S27B550;SAM;091B;Samsung SyncMaster S27B550V;60;27.0;1.78;;;;no data;
T22B350;SAM;0938;Samsung T22B350ND;60;21.5;1.78;30;-1;leobodnar;https://displaylag.com/display-database/;
SAMSUNG;SAM;0A7C;Unidentifiable Samsung TVs;60;18.5;1.78;;;;;
S22D300;SAM;0B3F;Samsung S22D300;60;21.5;1.78;;;;no data;
S22E310;SAM;0C2D;Samsung LS22E310HS/ZA;60;21.5;1.78;;;;no data;
SAMSUNG;SAM;0C39;Unidentifiable Samsung TVs;;;;;;;;
SAMSUNG;SAM;0C3C;Unidentifiable Samsung TVs;60;;1.78;;;;;
U28E590;SAM;0C4D;Samsung LU28E590DS/ZA;60;28.0;1.78;9;9.8;rtings;https://www.rtings.com/monitor/reviews/samsung/ue590#page-test-results;
S32E590C;SAM;0C59;Samsung LS32E590CS/EN;60;31.5;1.78;;;;no data;
S22F350;SAM;0D1A;Samsung LS22F350FHUXEN;60;22.0;1.78;;;;no data;
S24F350;SAM;0D20;Samsung S24F350F;60;23.5;1.78;;;;no data;
C27F390;SAM;0D32;Samsung LC27F390FHN;60;27.0;1.78;;;;no data;
C32F391;SAM;0D34;Samsung LC32F391FWUXEN;60;31.5;1.78;;;;no data;
C27F591;SAM;0D37;Samsung LC27F591FDNXZA;72;27.0;1.78;6.7;?;smtt 2.0;https://pcmonitors.info/reviews/samsung-c27f591fd/#Responsiveness;
SAMSUNG;SAM;0D3B;Unidentifiable Samsung TVs;60;;1.78;;;;;
C27F398;SAM;0D44;Samsung LC27F398FWUXEN;72;27.0;1.78;9.2;8;rtings;https://www.rtings.com/monitor/reviews/samsung/cf398#page-test-results;
U28E510;SAM;0D63;Samsung LU28E510DS/ZA;60;28.0;1.78;;;;no data;
S24D330;SAM;0D92;Samsung S24D330H;60;24.0;1.78;;;;no data;
CF791;SAM;0DC4;Samsung LC34F791WQNXZA;100;34.0;2.33;20.7;23.6;rtings;https://www.rtings.com/monitor/reviews/samsung/c34f791-cf791#page-test-results;
C27FG70;SAM;0DCA;Samsung LC27FG70FQUXEN;144;27.0;1.78;;;;no data;
S25HG5x;SAM;0DD5;Samsung LS25HG50FQUXEN;144;24.5;1.78;;;;no data;
C32HG7x;SAM;0E13;Samsung LC32HG70QQUXEN;144;31.5;1.78;4.4;4.2;rtings;https://www.rtings.com/monitor/reviews/samsung/chg70;
C32HG7x;SAM;0E14;Samsung LC32HG70QQUXEN;144;31.5;1.78;4.4;4.2;rtings;https://www.rtings.com/monitor/reviews/samsung/chg70;
C27HG7x;SAM;0E16;Samsung LC27HG70QQNXZA;144;26.9;1.78;4.4;4.2;rtings;https://www.rtings.com/monitor/reviews/samsung/chg70;
C27FG7x;SAM;0E41;Samsung LC27FG73FQUXEN;144;27.0;1.78;;;;no data;
C24FG7x;SAM;0E43;Samsung C24FG73FQU;144;23.6;1.78;4.14;?;smtt 2.0;https://pcmonitors.info/reviews/samsung-c24fg70/#Responsiveness;
C49HG9x;SAM;0E5E;Samsung C49HG90;144;49.0;3.56;4.6;4.6;rtings;https://www.rtings.com/monitor/reviews/samsung/c49hg90-chg90#page-test-results;
SAMSUNG;SAM;0F39;Unidentifiable Samsung;75;31.5;1.78;;;;;
C32JG5x;SAM;0F55;Samsung C32JG50QQU;144;27.0;1.78;4.3;-1;rtings;https://www.rtings.com/monitor/reviews/samsung/jg50;
C27JG5x;SAM;0F58;Samsung LC27JG50QQUXEN;144;27.0;1.78;4.3;-1;rtings;https://www.rtings.com/monitor/reviews/samsung/jg50;
S27E332;SAM;0F60;Samsung LS27E332HZX/UE;75;27.0;1.78;;;;no data;
C49RG9x;SAM;0F9C;Samsung LC49RG90SSUXEN;120;49.0;3.56;4.9;5.7;rtings;https://www.rtings.com/monitor/reviews/samsung/c49rg9-crg9#page-test-results;
LC27RG50;SAM;100A;Samsung LC27RG50FQMXZN;240;27.0;1.78;;;;no data;
LQ135P1JX51;SHP;14B3;Notebook monitor;60;13.5;1.50;;;;;
LQ156M1JW03;SHP;14C5;Laptop display;;;;;;;;
X270W-1080P;SPT;2701;Sceptre X270W-1080P;60;27.0;1.78;;;;;
Sceptre L24;SPT;098C;Sceptre C248B-144RN;144;24.0;1.78;;;;no data;
C24;SPT;09A7;Sceptre C248B-144R;144;23.6;1.78;;;;no data;
Sceptre M25;SPT;09FB;Sceptre E255B-1658A1;165;24.5;1.78;;;;no data;
Sceptre M25;SPT;0A05;Sceptre E255B-1658A;165;24.5;1.78;;;;no data;
Sceptre L27;SPT;0AB8;Sceptre C275B-144RN;144;27.0;1.78;;;;no data;
Internal LCD;TOS;508F;Notebook monitor;60;13.3;1.78;;;;;
24W_LCD_TV;VES;3700;Some Vestel 24 in TV;60;24.0;1.78;;;;;
D24-D1;VIZ;1005;VIZIO D24-D1;60;23.5;1.78;26.5;-1;leobodnar;https://www.rtings.com/tv/reviews/vizio/d-series-1080p-2016#page-test-results;
D32hn-E0;VIZ;1007;Vizio D32hn-E0;60;32.0;1.78;;;;;
VX240M;VIZ;0050;Vizio VX240M;60;24.0;1.78;;;;no data;
VX2758-P-MHD;VSC;5538;ViewSonic VX2758-P-MHD;144;27.0;1.78;;;;no data;
VX2458-mhd;VSC;0437;ViewSonic VX2458-MHD;144;24.0;1.78;;;;no data;
XG2702 SERIES;VSC;0935;ViewSonic Elite XG2702;144;27.0;1.78;;;;no data;
XG2402 SERIES;VSC;1B35;ViewSonic XG2402;144;24.0;1.78;4.1;4.3;rtings;https://www.rtings.com/monitor/reviews/viewsonic/xg2402#page-test-results;
VX2458 Series;VSC;36AF;ViewSonic VX2458-P(/C)-mhd unidentifiable;144;23.6;1.78;;;;;
XG240R SERIES;VSC;5A37;ViewSonic Elite XG240R;144;24.0;1.78;2.86;?;smtt 2.0;https://pcmonitors.info/reviews/viewsonic-xg240r/#Responsiveness;
XG2530 SERIES;VSC;A634;ViewSonic Elite XG2530;240;24.5;1.78;8.67;?;smtt 2.0;https://pcmonitors.info/reviews/viewsonic-xg2530/;
VX2458 Series;VSC;AF36;ViewSonic VX2458-P(/C)-mhd unidentifiable;144;23.6;1.78;;;;;
XG2703-GS;VSC;BA32;ViewSonic XG2703-GS;165;27.0;1.78;3.21;?;smtt 2.0;https://pcmonitors.info/reviews/viewsonic-xg2703-gs/#Responsiveness;
XG2401 SERIES;VSC;BB31;ViewSonic Elite XG2401;144;24.0;1.78;3.38;?;smtt 2.0;https://pcmonitors.info/reviews/viewsonic-xg2401/;
VA2719 Series;VSC;C132;ViewSonic VA2719-sh (/smh);60;27.0;1.78;;;;no data;
VA2431 Series;VSC;D824;Viewonic VA2431 Series;60;23.6;1.78;;;;no data found;
VX2252 Series;VSC;DC2E;ViewSonic VX2252mh;75;22.0;1.78;;;;no data;
XG270QG;VSC;F838;ViewSonic XG270QG;165;27.0;1.78;3.9;4.2;rtings;https://www.rtings.com/monitor/reviews/viewsonic/elite-xg270qg#page-test-results;
GFV22CB;VTK;0236;Viotek GFV22CB;144;22.0;1.78;;;;no data;
VIOTEK GN27DB;VTK;0270;Viotek GN27DB;144;27.0;1.78;;;;no data;
Cintiq 16;WAC;1064;Wacom DTK1660K0A;60;15.6;1.78;9.5;-1;leobodnar;https://www.pcmag.com/reviews/wacom-cintiq-16;